Id,Price
4567,175471.37
5925,136967.33
960,184685.42
3848,118669.47
746,197748.58
868,350772.41
672,130660.08
2471,252585.63
4510,130301.16
8354,209723.92
6393,189035.79
13270,243740.38
5250,253675.98
16751,178718.85
11404,160288.42
10588,349501.36
14925,236421.39
6791,225619.68
16097,205314.86
16428,318153.12
6945,318194.41
3190,207246.45
15709,402931.66
13155,158738.31
7675,195417.59
14686,248859.83
609,172631.82
11155,206051.59
10869,256611.66
15742,192849.24
9245,185155.76
3340,169240.36
2359,309006.9
8070,211212.72
13707,125013.75
16079,298331.18
15937,270586.19
14090,194809.28
9008,208487.16
16384,226501.57
11657,248904.83
13151,181960.46
8990,155097.62
11857,179788.16
1565,152932.1
8174,84646.81
9247,242291.19
10478,210050.11
15509,175097.87
8306,321754.56
6642,203924.15
7472,236889.07
15989,121926.94
13682,137956.14
163,275200.29
7076,210092.89
7478,340480.28
3029,184512.39
1814,124799.71
10057,134208.78
15100,189660.62
12694,216734.42
6291,180572.52
12603,160939.86
3218,225231.99
13456,130401.64
10170,250047.56
4530,177352.15
13329,190731.24
4820,176637.33
10896,192348.44
13416,129762.41
2701,244041.95
11265,414030.59
9189,276083.17
1858,167469.32
14536,250078.35
6199,300320.7
14730,152426.35
7510,254315.24
15505,159887.95
7446,196394.7
14016,207155.11
14113,119521.63
8721,291726.88
6193,350643.41
5717,184408.16
5427,327431.16
9520,381457.28
6869,105181.34
1658,157896.44
6639,195748.93
6283,196435.3
6257,138815.43
15235,216763.36
902,237601.84
8932,194815.89
16469,389930.76
2825,265166.81
6450,322831.77
11366,177266.91
3801,361260.35
11385,167164.76
1079,147979.45
3202,220191.24
676,207823.6
6185,358507.45
7730,170068.92
2573,170215.73
10978,185325.68
10962,254107.17
8870,149974.46
8496,187712.91
5517,160776.1
927,176485.13
13675,208655.91
1499,241025.55
15536,333082.95
8602,343569.48
12137,372253.88
9865,251420.59
16353,243901.63
15908,216341.53
3944,192323.56
10359,210709.21
15158,209250.32
3259,235949.39
7220,294514.26
13843,226883.17
16736,187281.75
702,258211.78
16401,109419.97
12134,201296.71
6918,247816.92
11792,161098.95
3798,116457.82
10395,152671.12
11099,159235.13
7090,225419.75
11260,203931.77
9647,224763.23
2903,441884.49
2071,205226.2
8604,216469.3
9346,225335.81
3945,239614.42
3420,143442.47
10842,132781.7
725,177884.44
13931,206324.35
16330,251705.81
9066,379697.45
3326,313185.0
1556,280036.76
6579,106232.08
13877,178633.57
9857,327419.95
7302,228190.04
5684,184450.13
6513,263998.95
11342,121744.32
16561,238867.43
6885,163390.67
9308,148992.77
2559,176734.82
6648,176764.01
15260,174903.57
5113,182670.41
16492,227436.9
12034,257841.18
7248,232863.78
2171,223978.54
10594,169959.3
13241,179215.21
7032,135805.89
4884,169425.26
903,271228.6
162,180640.13
6566,260488.62
8249,135118.47
13106,243004.39
256,144923.25
7976,161236.55
8575,191469.87
7591,355524.3
3204,251775.02
15804,180925.38
1525,337215.01
9038,226756.32
13628,201097.08
10016,192260.31
10208,234961.97
2008,216397.88
13029,220757.1
5099,139773.17
9923,276712.06
9461,131822.67
11086,190222.35
15057,274029.83
10689,207283.3
2053,264174.23
16630,181340.09
4985,169482.08
13881,239962.64
13225,230727.56
5779,66686.66
10262,177378.76
10762,224997.16
9513,228569.37
11128,192862.73
2074,338520.77
933,197881.11
2780,187773.73
6594,128520.99
15394,353212.12
14863,117345.86
6698,177402.72
1611,295211.23
174,222234.42
5160,250862.01
3295,312577.77
4559,392647.14
8254,184540.6
10228,119605.09
13924,164913.66
15341,210754.11
4353,155172.57
4334,79502.27
1872,181606.04
7823,194243.53
310,158434.88
3704,264380.06
11615,277466.5
6605,226144.41
3381,179987.38
2143,122235.61
3191,285035.89
13980,149889.37
15613,171908.74
10943,382374.69
9654,164162.63
16053,501880.26
14931,223355.38
8299,205194.66
2147,218660.58
11567,456029.1
5905,137132.42
11160,107771.76
8275,138783.97
16398,263404.99
11229,186411.54
10309,150232.24
7340,256268.86
7653,170187.49
272,243255.28
9831,234161.15
5016,170346.13
5968,77720.71
796,257138.25
12123,135464.72
16629,196140.49
2637,214377.68
6194,222658.21
6216,345891.91
14346,175933.9
6428,151224.06
2891,229446.51
84,198117.45
9260,257255.59
15250,155711.12
2348,185510.98
10427,264536.68
13230,269542.09
1691,192466.66
8803,123523.94
5464,309390.02
10559,110028.9
16787,316497.85
4278,155658.97
6183,184400.18
12775,164074.42
10104,168235.54
13663,192964.56
9404,261675.03
14724,220680.68
10040,188886.51
4646,189074.99
4754,162044.41
3310,224908.07
2003,203372.19
7312,226402.95
10921,276997.63
13419,308559.18
10105,171971.42
2196,421687.25
12659,240236.24
4380,215270.35
10847,159915.05
10805,277358.0
8709,106298.88
8319,207188.59
2215,193760.81
7000,174196.9
7701,108983.13
9678,204750.65
14026,216424.53
7971,169065.01
13734,126885.22
16483,199266.26
6150,213373.28
2931,311747.52
5418,188521.41
1662,367010.45
2441,242464.1
669,126822.65
7734,171037.54
6010,299680.86
266,141288.27
632,117631.55
16221,143978.0
11832,185755.12
5035,128265.37
37,128794.13
6168,193751.83
11757,187394.14
8086,128611.23
6529,213490.57
15121,227936.87
13904,123566.62
3711,211097.42
16563,151386.39
14494,247931.08
3006,231559.45
15299,106142.2
92,309712.5
8066,193415.52
16071,187917.22
10662,178323.42
3883,251533.86
5511,163012.64
2821,264801.86
9570,191399.09
4326,251646.76
9251,243967.81
9031,179509.06
12689,172467.82
16380,237555.84
1053,267807.37
4568,187218.77
16140,108170.89
14356,357279.7
8466,192987.81
15652,157341.79
3285,134882.78
3198,162819.26
14088,451724.64
2268,127966.06
15472,214245.5
1203,219620.92
7157,368410.41
6886,224915.51
5083,279562.47
7467,154754.59
14068,204171.83
2080,180906.21
10865,142708.95
13516,179256.16
14150,229222.86
7609,141977.41
2144,342836.18
10357,196359.1
2396,243594.01
1526,367212.41
10890,215705.67
8638,443309.31
6050,326734.39
7639,114304.16
10544,200100.58
9577,255474.85
13195,211703.06
3484,205801.96
16668,463921.69
7171,182593.54
8547,230127.77
12735,213900.95
9093,226944.31
15323,266757.04
14897,163194.35
5135,187206.87
5327,250429.04
13133,239689.8
1676,321548.85
16296,259520.84
1095,156212.73
12528,182536.62
7348,238911.95
11663,182032.54
1803,193911.47
1510,268218.73
16045,205435.53
2900,163196.33
3236,186547.8
1318,233873.41
14948,202774.54
7840,302466.76
15325,203143.08
8700,186284.48
15706,226195.29
14449,183499.11
16117,213671.74
4529,189260.95
11199,216102.78
4052,308217.64
821,211750.94
68,311295.73
554,133868.79
452,200993.78
11394,320909.86
11393,174875.83
9535,145748.52
4024,177294.74
10069,221511.95
12007,163949.88
12368,437602.6
1259,332264.59
1124,300589.38
3707,180958.5
8767,173014.88
1919,165959.65
16741,165737.67
6664,267177.02
5688,388797.22
7799,157595.66
14843,352812.34
7532,158600.28
8133,138922.59
6264,323782.6
4125,170215.99
2410,200263.37
13607,224238.66
1716,288596.63
1370,122943.47
2273,374385.81
15298,312912.88
4284,268010.25
12303,157594.09
7808,140091.27
2203,145433.63
7237,139347.51
15864,182159.69
2844,189464.6
5729,185078.05
11812,352456.8
1779,181601.65
6442,151753.39
6160,234216.58
8266,223019.68
9903,178887.2
2867,136926.35
6998,207356.13
13932,168761.53
12587,166480.72
3611,236922.34
2646,295582.44
1890,179905.25
860,218323.82
14187,212100.87
12569,264414.18
1276,130149.39
12025,200798.88
4890,284896.97
14410,275967.15
10352,346689.65
11407,207642.16
10384,193462.18
7622,258870.16
12578,167566.25
15820,185928.39
563,192310.3
15226,196834.36
6396,234847.61
6247,134539.72
3339,163759.66
10975,298025.56
7475,139853.31
11129,214696.88
3051,288199.87
10232,207956.98
14106,177714.89
5502,219650.0
4558,110607.67
4181,147181.69
8426,122839.63
6611,171485.76
14641,152187.54
15539,288900.57
13119,109626.38
11716,165616.36
7316,242239.52
7791,130796.84
13034,337309.84
1068,287731.32
4060,189096.08
10172,264447.39
2591,181990.74
12494,353511.03
7828,337369.29
15284,199495.19
7947,171261.73
16335,259841.43
10234,310050.03
2797,286981.07
5341,263762.31
3059,270586.33
1559,79028.19
15320,230013.36
10284,344113.35
4134,216354.03
4481,221703.49
7222,167094.08
4062,233344.22
2192,219755.5
9637,208378.71
16236,168083.9
4272,163340.78
9406,337408.57
14309,214585.22
1946,322702.41
16235,272998.13
7146,174307.84
16784,213349.24
349,396239.06
6251,182689.98
5128,364677.01
11718,165127.12
16721,131319.55
12517,217621.93
15961,203677.29
9428,174806.31
14541,155435.43
10168,120653.13
11270,182961.17
13210,270056.18
11518,177865.63
12612,153771.87
16352,136386.29
9935,157567.35
15521,320416.56
11482,186481.86
11443,214145.69
9459,230054.6
9218,172698.7
854,125527.47
5619,159578.24
9208,187441.03
4391,190944.08
15207,157356.88
7183,172377.46
16442,220127.38
7936,74560.64
10606,338493.18
4979,155462.88
4854,302002.79
16476,156119.03
10516,159435.49
16261,236349.22
90,439096.49
5433,169096.97
14338,139229.37
13487,263354.87
8211,501372.43
170,177366.5
14051,121110.92
10686,224647.42
7595,288253.41
6777,441522.61
14661,198753.91
13991,327532.46
16795,194410.62
2740,146172.7
7368,326453.61
2413,232973.01
1852,551171.17
15200,418242.83
8467,358282.51
16379,225314.13
3375,218536.76
5945,539341.44
2641,210960.29
2837,337850.03
3498,234717.28
10876,164444.49
1285,236204.52
9285,246285.67
4015,303331.53
2526,175674.59
7814,227323.15
7117,343273.44
12359,116690.68
3303,289617.78
13874,188886.68
5484,211978.23
15067,153905.32
12639,205426.98
3388,236356.74
4256,178951.72
15738,257678.01
14049,174659.87
15780,215411.23
9564,180206.95
11910,222133.16
11315,260529.56
1733,161541.69
3910,354551.07
7552,393801.08
254,232673.04
5222,219320.98
8314,193037.21
16743,219004.26
10335,123459.0
8226,288960.27
12254,250714.79
13152,236634.52
15020,193996.74
16349,228110.95
11924,161508.22
12543,220171.28
14114,243950.93
12318,280725.01
15383,177095.39
6679,235828.19
635,177537.78
15993,302303.22
11375,221642.27
11216,186952.28
15401,225690.54
11301,142103.6
13804,254314.11
10839,259601.16
1588,307503.53
3596,198238.3
5816,185943.29
8099,136146.07
6551,217203.05
14075,500317.26
13431,189035.51
9481,289179.3
5295,137881.4
15859,338168.16
10634,440283.62
444,220565.26
11686,246554.88
1213,243926.3
13970,199549.42
6849,433475.79
9911,285034.87
5649,158717.95
7184,216533.56
5877,296360.38
1655,216974.85
15301,215594.66
12389,275967.49
5241,308304.72
7048,166249.72
10574,142341.12
8593,159603.47
4752,223523.62
14663,199062.65
10994,245498.86
87,66908.19
5132,150229.42
6372,378807.21
7411,339021.7
3319,275638.34
9355,124942.07
5139,268419.25
56,293262.18
3249,181114.23
5047,90300.05
13238,302137.5
2190,265153.77
15599,171497.82
6542,165869.88
1968,196670.6
5630,198390.25
9157,241784.9
789,206168.47
1413,278439.86
12514,265178.51
13459,126624.82
1345,234052.24
4034,199847.0
15169,177285.56
6770,308752.03
3334,195280.9
12998,167833.53
15870,229186.93
1871,136401.29
5770,193829.47
13196,136354.48
7633,194020.86
10699,206913.16
15470,200516.97
1903,489749.34
13860,214923.96
7649,146822.12
11043,264695.5
2922,239853.13
7538,347910.93
9477,124854.56
117,546286.31
1457,251896.72
7082,135324.92
3053,248274.19
12522,129646.06
5744,378716.09
13566,275823.93
1464,116889.72
3852,137204.83
9557,250575.4
14719,401344.54
13978,180891.82
3286,160917.56
13019,362419.96
1421,166983.32
13502,190457.47
14811,113250.7
9297,237648.34
7749,471156.44
16555,124346.05
14576,198092.83
12766,150593.63
4679,134164.48
10033,176243.32
11231,254697.22
15112,168818.09
10617,175678.7
2175,159283.37
16502,523140.01
10106,164866.02
12561,153045.23
15907,270570.48
8069,137404.68
8316,132305.61
12343,248002.83
12092,161124.34
1527,173383.92
10010,249030.21
655,120048.22
10549,137874.64
3248,132925.71
13499,259077.12
14959,226512.96
6070,181399.95
11360,183403.02
12102,193584.36
11870,297145.76
3713,126593.16
3230,156638.14
7742,224098.98
15092,380562.42
8728,242332.06
3386,155387.66
9409,152818.01
16545,267585.29
3127,160956.95
11344,194180.54
2112,209450.14
7310,252906.1
6313,243270.62
3681,378332.51
5114,439106.03
270,163706.18
14350,178922.47
12223,349480.74
1066,201351.47
16116,499630.71
11410,394375.12
4088,189497.44
5956,181457.08
14669,174258.43
13871,121780.54
4126,252435.84
12114,240764.22
16607,215731.41
4266,187140.79
13518,224933.89
11856,285434.94
3885,278343.62
8891,168965.32
4964,172350.68
7696,169639.43
6894,169754.89
9766,158500.27
4800,163361.47
2840,212369.61
4743,178822.41
13562,437562.41
8301,188278.53
5405,206304.71
1535,198816.55
9073,127266.12
1698,370279.78
12262,248103.11
6794,190169.63
12701,175236.71
8432,214995.59
13540,143814.23
8629,137125.91
1440,204782.9
8596,226999.25
9575,283844.06
14976,106014.75
3149,192107.55
5157,165057.71
10748,178787.76
9719,382837.29
6376,176034.62
9733,171386.96
4749,225878.86
4994,325385.89
538,212456.18
5512,142976.07
9778,169216.94
9761,144989.12
3174,404592.49
13429,223395.22
10467,82429.41
14129,219717.77
13608,228934.9
11106,183966.31
12048,187817.44
1054,353973.88
3582,254573.8
1566,162164.64
11529,146258.6
11859,199373.3
10582,138835.14
14907,350776.06
14039,158945.67
10489,208087.61
3331,293076.09
10153,237786.66
5271,155925.36
11871,401925.15
776,131968.37
3994,125996.09
9433,70527.06
14275,139567.59
8030,226092.62
8169,255770.32
8053,183022.08
4822,202264.3
13197,223039.9
13634,305156.36
8951,209370.4
12176,261805.97
15471,168191.39
14962,144453.58
12512,116493.14
8697,436809.1
7095,248610.05
13639,185749.84
16660,166250.17
5848,140218.86
5386,194555.39
10880,317457.91
3954,173929.86
13426,289791.75
5966,214518.66
16315,238512.66
7455,205013.47
11071,256061.3
14740,219907.12
16087,175956.64
8931,269910.98
15289,159977.52
16089,259679.43
12128,177486.22
4724,243704.9
8585,229107.43
7188,228851.15
5423,206717.12
10488,207232.66
5980,240840.53
8376,256484.73
12397,161960.15
16496,184032.65
4891,243121.39
9710,159563.87
6339,167756.18
244,174074.91
5002,242477.31
5358,176596.87
7636,158641.62
9361,315096.16
3601,158839.45
15755,157022.11
172,174822.7
3037,274857.18
577,251097.69
3607,215434.85
2515,95683.87
10413,169439.57
10511,258269.37
4637,456784.81
12736,256454.82
9534,248032.7
11641,228315.25
10419,240406.69
15313,207556.94
14915,197783.17
12409,394444.61
9405,140151.92
14066,236875.3
14108,189744.59
11931,261968.74
11464,365669.18
926,169338.45
11190,219447.53
10260,172411.85
12712,226616.83
1234,224988.74
11608,121035.97
3776,232372.19
4881,190255.26
10266,184864.27
3262,253492.49
3576,371948.87
16604,515356.25
8041,248012.09
10691,280190.38
8357,226883.27
11661,192206.64
4453,257554.44
15936,204726.63
8463,235299.58
15770,243134.96
466,160158.81
14965,102591.46
11227,201532.46
9894,241048.47
11746,202657.41
4118,124490.06
756,275429.14
15589,204347.16
109,372625.93
5778,193385.27
1731,108191.59
3450,144487.52
2961,178103.87
222,172758.07
11454,402499.36
7339,175715.08
12096,101302.86
14074,197135.06
4058,216029.41
6603,284740.7
3289,122416.71
16681,236506.78
8200,355846.91
3343,266938.09
7802,178374.19
2082,400403.2
217,240464.77
1720,174131.26
7224,252017.82
6176,154148.8
12571,246140.61
16666,343371.29
8908,303459.55
6914,198541.92
5428,187721.11
381,160031.56
3991,194181.3
16365,281491.95
1046,252211.23
391,155857.96
9212,357874.32
3022,186688.71
9961,105605.48
6764,270268.65
7720,182738.11
4809,193309.81
8877,312699.28
7817,209659.81
10614,111535.62
5553,313820.73
16488,121127.36
11002,187217.04
13592,390321.11
15050,253923.22
13553,267846.22
9041,222235.81
5461,421916.0
16274,463351.64
2138,117955.0
6245,188100.12
8245,212425.49
6491,192705.74
13218,232730.19
13101,93981.96
10462,119249.46
4079,199329.85
1506,451885.45
14107,142807.4
12215,281350.51
11576,294729.32
10567,240165.91
12713,248886.92
1468,401306.44
2549,256011.07
4172,231645.3
12380,225378.64
3513,124336.78
8165,238126.4
1127,231301.16
14601,398342.05
15526,309370.02
986,370719.43
14968,249859.29
9348,177299.34
6317,277006.63
7497,114130.37
5079,315675.85
528,121374.69
10964,154838.22
5812,369259.31
11022,247398.0
16251,173774.37
5863,156923.45
8664,180597.93
5396,208996.14
6917,282505.61
12776,138391.22
473,244004.03
13333,281484.61
13023,164083.6
7357,204830.09
10955,450033.07
11914,352769.88
12535,205968.42
11205,184312.46
13209,196412.18
16119,302845.12
2174,199241.76
4834,184539.24
10151,171216.42
5584,239607.12
6672,221067.3
12858,323962.92
5106,167624.17
8884,185996.84
13766,168811.67
12556,121791.01
12910,223539.72
6258,130948.18
7100,256872.15
1793,184484.34
3335,156775.27
12835,196101.57
10591,177964.98
15707,237895.77
16389,162736.51
7440,343304.61
6293,201170.2
3937,192435.75
16527,213590.89
5102,292536.06
10734,343214.4
7986,151384.33
6495,133706.79
9571,270230.72
5131,198704.53
10761,365215.56
143,271801.77
13829,186280.02
13662,226513.94
1771,151815.15
5448,203466.17
8594,156465.55
12038,361768.68
16471,178158.17
16764,143905.98
1282,182610.64
15101,272929.49
9473,148834.77
2324,422947.14
14448,238878.96
6000,82450.41
2077,176206.11
12960,270499.06
15837,197344.74
8805,233518.34
9987,247599.95
1580,385433.66
11089,132387.37
10926,207722.65
12773,334658.69
6490,301377.35
10858,140944.22
2831,155932.06
16326,141905.95
371,222004.94
8852,222223.59
6713,243448.31
4230,229263.26
3639,234957.29
3642,207688.73
5149,192572.65
2861,224783.85
13300,133640.02
2807,299223.84
5919,113502.31
12716,516596.31
4271,252663.42
16055,288500.72
3747,213820.01
5857,286761.04
6884,367498.41
16027,240910.42
3512,325163.97
5181,172488.6
16732,310799.87
1908,152966.74
12082,173314.82
7286,167046.17
8216,150587.8
6929,272031.85
3950,332416.91
12479,196079.63
877,149189.19
1366,198985.57
384,155695.16
5767,253890.25
6910,170141.9
187,204700.0
10164,226065.43
8603,235790.61
15834,195786.99
3078,133909.07
3479,239441.99
6671,214477.35
6078,190060.72
16271,142370.71
16191,175564.21
11544,190109.57
7781,188484.59
14918,359900.62
6238,208452.77
12989,200109.87
11907,219561.11
9696,137002.71
14084,338669.85
3895,157613.55
4367,170378.64
8453,89827.21
7638,314659.83
8373,244966.03
4674,177096.48
15787,151790.51
5903,314890.24
13679,221502.94
9018,381502.15
15823,321709.4
13289,133201.63
9896,245882.91
14436,205766.94
5547,228909.3
4048,448031.26
16579,229554.16
8550,167607.79
9385,221932.91
5242,166578.64
31,222086.74
6144,300796.4
3990,218417.98
2523,102127.17
12608,261203.27
7234,176576.96
15264,180390.45
9623,196621.53
3161,319448.77
7425,108921.71
13021,272073.68
4044,159702.71
15411,261966.65
979,326293.59
5514,264905.96
4817,191806.86
2115,181881.88
10571,272005.77
8992,251460.59
15546,172919.21
11359,142418.99
11972,193140.0
12838,172727.63
5948,141312.91
422,292726.93
4855,146150.52
16197,105244.91
8926,396978.79
5703,198233.72
8848,192906.74
7039,313757.66
3806,128210.69
15154,239653.7
13132,210999.37
7438,207780.08
4398,291589.78
2440,172735.26
3751,150413.78
1476,169580.21
2264,356828.15
16444,155379.28
10704,197230.62
4033,151402.1
4508,129910.86
16290,266080.91
10387,188430.68
5457,156941.63
4910,283179.9
7451,225342.73
10732,176903.1
8015,155803.23
6148,184058.5
5892,228543.81
7825,225933.22
6851,221682.76
6633,266815.14
2139,267288.17
10213,262576.58
2830,215174.04
13907,133298.68
15897,366905.04
8311,184276.46
14230,178264.23
3878,225126.65
13732,199463.06
12110,174756.13
10675,391762.89
12946,112850.12
16754,223705.02
4394,290862.91
16728,169343.18
14378,332551.69
9949,179508.6
994,195784.6
13258,157705.21
5883,354942.49
6933,389521.37
13193,226811.67
13286,175458.5
13407,420794.57
7512,138836.62
7221,197814.33
14428,144387.53
1740,236636.06
3,134746.5
12952,263646.57
11537,156981.47
2558,128013.67
14081,290272.18
3517,226235.81
7149,219835.94
15777,141369.18
8995,240585.46
826,392456.29
509,246586.76
14875,332521.88
6591,155739.09
11283,100453.66
9897,240449.35
14902,171739.17
14291,194101.0
3162,237052.44
4206,205261.26
11580,193704.25
2007,237386.39
14939,283384.98
13572,196820.53
10720,155539.29
4253,261589.79
10857,111344.25
6254,207370.98
14681,158795.04
8080,137998.04
8006,173730.83
13135,142062.32
4527,236010.35
12688,198726.53
15920,160428.91
16786,128520.84
16637,175804.12
949,162050.66
10696,292223.77
605,265916.83
10819,246541.09
9490,170101.5
1813,261459.64
15958,320720.49
10873,349777.33
14381,221368.16
5745,145503.82
286,277064.97
14799,266350.95
437,154570.61
12172,76376.02
8534,123979.19
14463,424555.52
13672,164454.09
6720,198076.82
16057,201161.91
2659,365690.64
11649,160453.06
4478,150252.58
555,324002.11
4819,279121.9
15188,315888.28
16115,186603.15
11427,154087.82
15483,167151.97
829,153002.2
13576,237688.14
13810,230858.88
1052,146385.61
10673,170218.44
8525,370171.31
13154,314951.66
13856,171487.12
5125,220614.52
5551,260886.63
14262,217899.39
8872,125924.77
10341,253279.69
7231,178871.35
10950,245364.78
4031,167345.12
13852,120864.62
5886,260754.4
859,442233.52
9436,213415.75
13638,357856.52
15337,203117.18
5506,263109.1
13550,120902.32
12630,169777.87
6466,144888.89
3282,156222.59
4474,152889.77
138,257766.25
15490,228292.24
11584,280190.38
13309,158111.71
8860,371698.26
14037,182514.44
1329,226600.93
2198,517052.08
1210,362096.11
10076,210336.28
6692,352536.98
6074,133564.52
13921,202240.94
1646,287451.85
11676,210737.01
683,127627.43
4839,130265.58
12392,165569.21
5206,196301.62
9104,368326.84
15554,212244.19
1590,188453.88
7894,342748.06
9286,161715.86
15364,319979.64
8260,272551.18
5746,135571.81
3357,287087.78
4755,171729.03
5896,123523.43
16520,193129.25
8880,235537.24
9321,228510.75
16463,188748.31
4861,207866.63
5687,302360.82
2785,238112.38
5571,263495.81
11070,566491.92
11577,233061.69
3993,181194.75
10908,245456.37
3696,203009.99
1755,160158.68
4053,204531.94
11954,246675.93
15294,189634.06
12452,208472.15
2202,153451.0
13564,189504.04
5134,270820.88
7447,132860.44
5929,125932.78
16714,232804.41
13005,322505.64
11740,213884.75
3535,174012.17
11837,254823.0
7382,250963.31
16709,213323.93
5908,188662.26
16333,260572.38
14776,236434.87
831,165544.17
5944,174335.03
1764,289006.38
5782,139191.6
7091,282532.48
7871,171100.61
10449,153556.95
15137,125990.38
2181,316059.72
8667,357689.68
4207,227581.81
3528,208838.82
5611,147046.4
5894,191887.32
14255,165528.81
16064,145080.43
5076,221175.56
3537,82761.91
6369,123629.33
1938,206481.57
11844,239873.81
7717,124453.26
3800,301445.87
6897,200202.4
255,255786.89
607,172277.63
6368,268307.73
15211,218837.37
13229,180522.26
6091,279580.48
14260,197927.69
15104,164656.93
7378,91791.21
12575,157333.52
137,176473.26
14572,240826.45
12530,173193.33
512,190060.5
7251,323382.12
4545,370228.14
14928,490004.31
3934,185176.66
12097,405510.49
10979,184166.31
16455,268575.33
4190,136155.65
7577,283161.68
11609,233177.83
2346,201369.68
7363,312786.27
13535,177278.56
9864,187905.51
16645,368785.55
2689,386674.32
5994,131475.63
14493,239311.21
7391,212273.62
13674,245918.42
7137,267696.57
5438,183852.19
10693,225265.35
9037,325573.42
14329,323859.34
11660,424307.27
9734,184774.79
12046,178779.25
11704,267190.36
7843,158952.66
3499,140979.38
16012,91134.99
15759,335075.2
10884,160917.11
9115,101704.25
4066,330616.33
12745,187092.14
9627,292221.88
12977,324051.6
7620,94513.18
11955,164186.13
271,189160.81
16091,303258.18
2193,486039.42
6190,186742.95
7071,211106.54
14320,103536.74
15578,155904.89
267,157012.84
1930,220996.3
7426,193793.84
13890,231303.81
4176,212488.55
5453,187695.93
5526,244043.7
8780,306370.03
10299,172446.85
959,396211.69
3458,129977.71
5363,438330.73
9281,137139.11
8076,201537.61
2492,328924.26
4746,120170.33
11380,225014.84
10881,168371.66
16392,216507.58
8071,177837.76
16740,129035.22
4846,268039.57
5299,245436.2
2046,252850.02
11623,242612.37
6539,142194.68
12234,245456.46
14240,176715.84
3443,106862.28
2127,221375.93
11259,131098.27
7889,118484.58
16655,232706.55
15790,129752.54
3686,122927.44
4392,150919.56
3103,243336.68
7047,224172.46
13014,324996.84
11269,461050.11
4304,381434.02
13513,208793.64
12969,107016.97
6966,245950.64
8883,126469.73
6064,191705.52
12341,190259.15
10107,302568.88
130,215879.78
2406,311698.9
6089,265122.25
316,122212.49
15812,265103.32
7053,417194.38
14691,316106.64
11881,189895.79
13503,177882.45
9569,185978.37
9846,303036.79
14415,193128.88
14873,209964.07
11180,311127.22
7256,170283.63
3721,202320.68
1211,250721.22
14887,198898.0
16220,401719.57
15451,181483.47
1602,227433.66
8917,305815.18
15595,121142.18
15242,212209.53
3957,260486.29
14923,110320.68
3087,176347.75
12959,390287.76
13631,161701.78
12704,297867.75
15197,167812.43
12599,190099.39
8761,215756.23
13013,193281.24
3464,203722.78
2366,186380.36
10845,171662.01
8092,164038.68
10528,227709.17
7132,170144.81
8958,202970.76
7959,118086.03
4847,280999.74
1477,411764.64
8264,355134.04
10048,167636.76
10492,263813.86
3859,369655.97
8676,430095.03
8146,247058.99
1619,286908.04
12609,117213.17
11001,232252.32
3644,213573.03
8362,327758.66
537,164057.19
1298,138936.52
1023,314277.96
8659,229422.87
11538,250296.9
16036,170317.81
2392,378677.21
12099,332414.53
12935,137390.6
1050,145985.5
3068,247891.24
2083,169678.31
7652,302458.27
8696,274225.17
11183,437224.24
11386,149717.67
10752,369042.19
3371,367346.82
4149,204138.34
16775,215221.97
12187,161773.3
14421,259864.57
13693,205398.61
6560,235207.98
3497,215664.93
3396,197281.17
1223,224569.03
14796,206431.18
16190,250846.69
6060,250973.91
10111,192645.93
10983,195005.85
11228,208091.45
13208,257762.02
525,425072.16
6923,186389.01
6785,201209.36
3731,222449.27
16577,226826.15
6518,224094.59
6610,162021.52
5509,161559.24
9942,312120.18
10148,260014.39
5351,188731.89
11029,178581.64
6561,154680.07
10056,157296.19
13913,151781.23
1906,169873.45
5081,208350.99
6341,338053.8
1859,179330.5
3336,266324.69
14163,143984.21
6204,359034.14
13285,166615.94
11492,261901.44
14596,110596.13
4696,476999.68
4771,299114.48
11296,143402.71
5851,198114.25
2850,217561.93
10011,191569.88
5988,189986.96
2316,84959.74
3211,181479.9
13525,171189.94
6383,159238.43
1420,225903.88
11748,236927.03
4222,241726.85
8363,241148.04
4412,257511.08
14384,158759.02
9844,154692.2
9315,244451.2
11604,203936.62
10644,250050.78
12995,167149.06
16615,352803.47
1959,223645.61
14562,190146.02
11934,256937.22
8494,188756.41
4255,223212.02
13000,197807.98
2461,463921.78
13661,222770.35
2886,264946.64
519,202998.01
5440,194664.01
10353,152854.0
12305,214624.3
2983,241272.32
12032,192253.54
743,278743.53
8250,120771.62
7890,168218.67
4722,401531.7
15358,216758.26
4183,187492.2
3970,317566.79
303,224614.96
2207,249415.8
4022,180397.3
1132,196276.43
12278,168819.87
9280,147016.82
14940,479713.63
6413,188139.45
15213,446167.4
9656,261606.18
12036,392060.71
3151,180500.82
15530,186322.89
13263,118479.66
6750,167715.87
11488,354466.13
9532,190748.79
8462,197070.46
11494,322256.59
10270,159864.35
5476,154312.42
12486,343487.83
5501,119217.73
15871,280420.42
14733,184784.96
6103,241531.59
7911,186258.7
4359,263926.94
9595,170032.78
13851,342998.78
7854,186543.69
8684,177707.21
15239,247917.83
10012,219005.22
14995,316690.65
9791,155585.33
5567,208692.91
10883,162665.39
25,206075.0
939,186038.07
9919,215493.86
6321,244751.56
16767,411606.72
16464,108287.19
3170,199066.12
1522,126101.08
5138,320963.96
797,172468.64
14586,94556.05
2872,208167.52
4259,173536.62
16616,261524.09
16512,206433.36
9663,204229.88
245,236286.4
16369,247565.19
5254,363560.84
8672,123974.27
8004,285341.71
3109,297094.55
2588,334812.56
8814,299105.99
15888,169198.96
14668,129649.02
13432,445944.57
7981,81116.44
2048,274607.91
1667,169231.19
2349,126093.19
6136,215154.96
8166,143361.61
1709,328600.21
14649,199555.24
9187,257200.95
2927,185010.29
10220,143305.16
6331,388030.52
7044,195397.26
1736,143157.23
1840,110756.56
4852,218504.82
13311,174683.43
3330,196204.95
7004,365897.64
12472,191514.56
7664,174110.63
16537,239344.55
15032,408171.97
5325,250077.75
800,232567.64
1438,156737.46
3953,153272.12
7135,244454.6
10371,118153.24
709,136045.96
4836,259544.41
14709,226364.53
2216,232644.31
11948,278794.29
5221,226793.15
159,332837.69
15775,213134.16
4818,155645.11
10222,235364.04
9867,205701.08
11763,346733.4
511,190321.51
9337,174780.65
15529,301334.07
9134,163449.1
2759,126609.9
1458,160445.26
13261,192797.67
11772,148245.13
8107,258993.75
13847,189419.57
14414,396556.05
12833,93605.93
5282,297068.59
13760,232825.29
430,205681.07
12580,171186.84
10985,387503.73
14321,125770.61
15960,359229.72
4803,276767.32
6741,164331.62
4046,182191.25
5060,212654.69
9593,304184.48
8088,244296.46
13888,189918.24
12065,299904.41
13336,236149.71
2449,175195.76
7499,309276.72
11082,134281.24
211,139528.11
11469,177390.28
5452,117276.36
7732,172411.85
10080,238595.79
15088,172693.2
6112,188187.33
7903,259408.18
2249,188452.4
79,177189.16
13941,140674.31
6693,197320.7
1156,265336.01
3877,173463.28
2864,158996.58
4519,152030.23
4712,153698.07
4642,191373.3
4766,197013.03
2429,262086.21
12013,247492.95
12309,236101.02
5505,155069.77
13711,181194.39
10483,429622.88
1648,248747.53
9391,188732.3
699,278263.71
7034,283526.56
10415,310804.16
839,199098.68
7602,193007.76
15682,253520.88
16354,384040.75
13686,159979.63
5026,240378.96
3081,363293.3
5009,182351.43
4173,396363.95
3228,167891.04
15482,309835.77
5700,208334.61
6252,173976.69
8207,114679.5
2984,128315.12
3507,405519.28
15950,84854.87
13377,280310.98
15594,174796.42
11798,212136.45
13493,175712.62
4976,169347.33
3771,184415.47
1107,186816.85
16171,334042.26
15257,226489.35
6221,189198.46
4936,222513.53
6343,150132.76
16109,177799.99
15352,252336.62
9489,212792.19
14029,193066.79
4879,291540.73
6828,154572.77
11950,96359.85
14964,154485.56
9074,177230.17
10514,232566.46
10702,189858.87
3476,205726.67
15469,316076.18
5608,192171.87
13446,451825.35
1683,245958.64
6759,152054.16
186,249244.94
7822,71184.0
7017,267007.97
1944,206752.53
10515,227116.7
2824,251079.97
3649,180626.44
8228,246620.97
6599,393096.75
9165,196836.27
12316,395820.32
11720,204399.87
13943,183311.7
15315,158165.25
14812,363695.81
4799,336344.66
2600,268078.45
5724,123972.93
3033,265385.47
2985,226206.22
8885,171811.23
12691,261229.96
15079,171367.27
14599,188488.02
7681,255769.85
5849,197558.59
675,204337.96
4343,176121.22
3122,195437.96
16602,180064.72
2211,215979.81
12965,165148.89
11016,72109.34
15756,149496.63
16151,155239.87
10746,128565.37
14130,175461.86
2231,191470.66
12325,199248.48
8949,295228.7
2859,175066.26
6797,240729.1
5793,291673.06
1000,284844.43
7364,145395.4
13802,245245.04
12755,325939.6
10782,176845.55
13169,109761.77
9007,315385.25
2118,179680.23
14517,208928.59
3001,179030.04
11913,186672.42
4030,275125.82
5323,182039.89
3572,136151.26
10290,179185.58
15321,286602.2
12795,173394.03
8845,257535.13
14559,220079.98
1435,294389.38
6180,182705.76
10590,209462.33
3889,165121.33
13160,202769.77
15254,190954.81
2436,146789.8
1770,248292.47
912,297163.16
12385,183001.36
2188,173940.49
13444,289013.67
11487,275549.08
14836,313321.31
4923,136018.91
15779,137357.96
8900,222361.09
10932,177263.82
6085,223179.69
6762,133198.17
1005,403972.1
16552,185860.04
13248,310903.67
6580,194601.84
10706,244988.48
8539,171468.97
10743,432777.27
9243,166720.64
10609,173628.19
9638,213193.9
5399,251183.69
1222,319255.22
4124,197838.76
2131,223900.75
12869,365207.81
7899,140418.21
3251,353514.82
11088,193329.49
14653,265064.33
3010,279981.35
12160,216627.94
6288,229263.99
14890,220761.4
13437,217915.38
2385,223927.77
16650,198893.16
10159,198238.44
7940,295680.87
12953,401707.73
9803,305511.85
14247,195589.3
5251,138657.84
14337,229490.83
9967,199851.36
4618,135106.67
15378,438993.68
8963,202038.65
2472,195103.6
8736,109695.07
14823,155553.76
8675,218013.2
13596,158403.89
16487,101427.32
12629,222150.26
11965,185271.13
4136,393625.07
13012,181529.22
5309,215992.82
517,344533.08
9553,150838.89
10120,153069.79
5991,221657.0
9862,183677.72
9420,188143.54
4968,256657.77
11904,263071.61
15824,179625.11
9365,128518.12
14879,191229.05
8205,235332.99
15184,134832.6
1918,277164.49
16013,275210.33
9802,175032.95
13752,306377.96
16156,228456.37
5194,69823.38
2746,432332.52
15982,262916.24
5605,207685.4
8288,229194.3
5707,454193.81
7933,176165.58
8324,288197.41
2506,167521.15
12293,190771.18
10551,169763.12
5346,421626.39
4197,287695.93
3237,156255.12
3390,457842.24
9751,188796.72
1391,271882.55
1928,206731.75
10992,249499.69
6792,348118.32
5663,213741.37
13280,232968.23
5218,68025.81
16748,267625.18
15835,221656.18
14850,199810.67
1359,214670.55
7428,194346.53
4201,134828.72
13089,116979.89
7182,169215.95
1467,386572.61
9829,202941.45
4344,209536.76
4129,138798.99
1905,170575.54
93,390802.41
8320,191236.02
12070,197041.55
8290,224724.61
11005,222705.3
116,253181.28
12275,331127.48
12588,430377.02
11378,172150.94
10961,206413.22
10251,240765.11
1152,263029.27
12167,168944.21
11569,219631.1
4141,499604.81
7614,131303.43
13805,119155.59
14680,190080.09
13543,364665.38
6786,204594.71
13529,204512.01
9158,78335.06
5360,184030.98
6098,251515.79
11174,226817.1
307,156531.24
1892,205224.88
6948,320229.15
2227,144049.28
12790,258420.81
3653,191661.21
2912,261980.33
16735,155126.94
5446,160141.04
8532,238945.86
10311,339774.77
10051,201344.3
918,165085.18
2766,159452.84
734,184250.23
6882,433615.28
15971,177627.48
1735,307399.4
442,185110.08
7228,269697.74
507,212083.67
8461,260618.17
4514,254376.58
4133,151633.99
14803,164956.53
14297,249363.22
9924,284953.22
13797,332833.49
8497,289312.69
8729,136686.92
16046,162423.52
15087,188155.28
2874,195098.56
7415,218617.05
13893,186550.84
12611,148221.94
7779,249199.54
8221,188103.18
7790,162578.01
12728,380924.75
3372,189674.2
12845,174983.94
13107,287163.6
2475,226752.07
5820,173854.63
14505,113231.56
382,171803.82
1339,167202.26
4940,224269.06
1481,80440.94
9025,309099.59
14636,164049.13
10668,123029.04
2025,204919.57
2910,169971.34
5836,253132.31
3444,154957.48
11165,236101.02
16000,165221.3
5281,438653.76
15350,275203.22
7321,239027.57
2863,266126.79
3563,196301.5
5094,258470.81
1027,216559.46
7953,227830.25
1788,228906.48
11061,179433.95
1839,294059.74
7766,166097.4
2250,202912.73
14701,136110.1
13149,259847.89
14040,219536.8
13370,232774.12
9312,460992.68
10493,177692.2
11985,195586.72
2698,226494.29
4659,185046.47
3002,153403.7
4795,261879.06
3986,121275.79
1753,417621.71
6681,192731.26
14801,191074.33
14252,316794.09
5017,144981.24
12267,227784.39
10681,169008.39
10800,179598.21
13910,174212.16
355,194686.08
12255,155097.02
10435,220272.14
13840,287315.68
7656,410263.51
1659,200031.8
2333,176337.22
4580,281596.67
12699,74679.32
9974,154283.38
14083,289289.5
15347,424216.0
1473,326131.42
4984,288208.93
9203,203421.11
5806,146468.75
5590,200703.62
4509,297330.11
763,228193.9
3067,308703.65
1143,311166.98
15403,200044.25
10793,246127.48
4849,83109.62
10717,229140.23
5430,172880.12
5874,390566.63
11286,190780.16
4407,173446.54
11998,241509.92
1131,237807.76
11920,292702.0
12404,309633.6
6552,190958.98
8459,214663.84
4704,183269.53
13883,254452.83
13830,201332.38
13273,272171.92
11323,172456.07
13257,128212.45
15846,149476.24
9132,290356.26
2909,84870.03
15927,184442.48
16500,251113.31
15974,178020.53
1278,168647.61
2893,252525.74
16128,202284.7
12794,270230.59
1341,354584.4
9219,277007.31
2982,195746.1
3113,194237.75
14358,187407.33
295,168592.43
732,255125.4
14926,173132.17
9155,394634.01
2045,163645.57
3879,318442.03
5361,340312.12
9750,434415.43
1711,194488.66
13269,145235.44
7020,195358.95
832,165613.48
4009,231285.48
5184,292578.17
13844,146823.05
12471,271340.17
1294,204328.53
6058,265126.28
15614,133938.95
7214,288444.85
9841,246668.32
4639,215681.65
5018,188204.21
1139,215807.32
2896,124110.64
7987,201300.88
13272,324725.32
13454,192208.78
14287,154362.79
414,420503.78
1524,121121.06
5818,138208.05
973,197460.26
2888,297372.65
6269,350879.54
7343,165447.76
14834,181426.36
10672,337086.31
2595,187068.31
12843,175169.92
8973,125393.99
13539,355350.84
12351,139463.72
12322,183826.1
13659,495804.01
14758,133907.51
14157,188278.53
9874,94181.33
11513,116913.09
5034,180785.56
6779,268499.71
8009,322034.18
891,280781.58
6663,188948.26
11506,219839.39
4740,283840.88
9254,302436.75
2609,163072.5
13601,120408.33
3862,188265.15
16490,217627.38
8819,234941.84
6836,166214.66
16232,180949.49
15988,118622.75
6009,243848.99
15339,166622.9
2953,145705.82
8340,201406.43
8723,188455.64
6760,207660.74
7960,153768.72
13358,409075.02
2009,90857.31
9977,210566.65
12445,319247.16
11130,285827.04
9205,395883.78
9078,272712.28
8317,185109.0
13108,288410.62
15196,202921.65
12406,177669.93
5946,149101.51
5538,260990.59
16264,200856.09
3752,240149.0
13995,191830.86
181,234317.85
13304,193706.95
4262,210084.95
11552,221874.72
817,404622.67
1198,207497.38
16535,79226.17
450,182804.91
13207,178466.18
1551,178287.61
250,219021.55
11528,186583.11
16350,152826.25
4573,162347.24
7990,379628.95
2372,205977.1
193,219406.32
8713,190585.82
7617,297619.59
1215,126915.37
3107,243779.68
8756,112075.36
15942,134131.65
7540,220802.94
14629,175945.02
8109,194027.03
10816,494044.59
10205,333605.57
4462,227565.68
9908,186145.86
11376,201118.85
16108,215883.05
13832,142174.9
3744,217421.02
15265,137848.57
5422,325320.43
2941,195102.23
15866,162305.02
15172,369790.05
15904,224288.56
5679,227373.05
5825,279940.24
3958,371898.89
8591,263514.48
1475,288900.26
2397,251208.5
12419,244172.2
7533,151230.56
10339,266197.98
8760,172624.71
13040,149765.99
5620,169706.39
4840,167294.59
10464,192502.25
7543,174411.28
1320,112418.13
2272,117214.86
6550,122361.77
4518,300427.22
2340,189069.12
1484,195588.71
1233,168491.18
12897,306096.82
15344,193610.54
7061,190171.8
13807,234581.7
487,205120.95
12297,179936.09
13452,200177.33
5624,190683.92
4483,160017.76
265,177621.19
503,201851.84
8919,276017.6
3102,124711.3
5190,321278.59
7699,176015.2
15080,233554.87
2439,261301.85
4387,274847.59
7427,154669.7
16056,198789.77
14546,309522.76
12353,196086.89
6991,251452.61
18,274362.53
459,322418.35
433,220190.31
12001,209261.95
4428,139336.18
2650,177012.91
5652,145320.15
9455,476922.54
469,227494.7
14997,180292.12
624,157890.93
798,200092.72
12317,160333.74
9011,205971.9
2923,444234.79
7130,198737.83
1616,160246.19
134,216184.87
7463,335933.39
15732,355925.69
3275,311970.04
6621,221467.91
10570,269903.09
6105,212671.21
6858,263523.73
1929,257179.52
14583,151739.66
354,205104.3
6378,179716.56
13192,86612.53
3602,315518.58
9148,249341.45
5459,240254.32
12800,197687.02
11077,229989.35
7301,394356.23
10775,364182.55
15009,160578.09
8770,337068.91
9996,336153.17
6810,183903.87
11364,257845.82
7252,139248.12
5910,240818.96
13187,289473.91
14678,179856.43
426,197863.9
4099,266991.02
13496,217570.66
8005,216432.39
9467,292216.94
6732,173647.15
11617,169018.93
5439,212733.03
14195,141199.99
10131,284343.67
12788,194332.52
13988,397960.25
12153,286564.36
6270,243977.15
10988,158078.27
8,342629.82
146,253529.75
3764,360216.83
5118,354211.73
11023,219217.61
2951,153153.36
10101,169327.0
4729,239331.77
8148,181185.5
15305,422456.22
8325,189121.2
1935,403334.74
2839,168979.01
1845,179696.26
2842,195551.41
14019,223591.94
11188,254136.16
15199,141249.11
12563,164270.83
5231,368892.97
7555,205329.81
10436,188976.61
14610,419368.52
5912,244491.16
12443,236526.64
15918,119437.95
11051,358825.09
2714,281662.65
10766,277793.0
15508,200569.39
12118,301080.37
9160,193388.94
12019,175668.98
12062,244064.28
9176,324766.46
6135,357321.57
6563,160956.64
5962,149252.98
5783,317387.47
2580,212751.96
802,276983.4
956,326788.78
8690,216562.13
1228,175190.7
15046,288830.53
5603,284176.49
5199,165051.61
3842,181248.14
7671,387860.56
5214,112016.06
4381,390733.2
4620,209830.14
6289,319116.99
2692,298119.07
9671,398729.1
10115,188702.25
3164,286368.09
10277,170627.13
2836,196046.72
10486,132870.95
13313,279262.19
928,203995.93
12266,233497.37
16085,171302.6
2260,186744.89
751,491100.62
5943,350934.74
10141,115480.33
337,192632.52
12212,211582.11
1910,176378.61
13403,232026.73
3061,204058.74
2733,143655.79
14115,197637.86
2446,217916.48
2183,231212.99
1926,297068.41
6044,426568.05
6783,203165.05
11437,168154.48
10625,348722.23
11817,228239.44
10545,324954.82
3133,176518.51
2690,177286.61
12705,196967.65
4707,181330.9
8509,434644.65
8065,136667.99
14342,199989.88
7809,108945.95
9403,167145.64
1874,169417.01
14313,163723.53
16466,185243.39
10740,165520.78
336,254589.38
14024,178449.68
11170,290347.42
4606,263446.52
12470,268707.54
11636,206508.5
11761,237076.52
4609,172953.05
2330,291784.8
14557,327484.12
1409,170701.93
11189,155037.3
9899,137383.93
5032,143667.72
13387,237720.42
7565,168384.59
3409,160772.59
2898,210524.31
6632,227606.2
2029,235226.84
13254,104275.79
1663,213649.19
16706,415837.53
1723,120644.26
10023,194788.26
11903,179294.12
12450,184587.09
15580,115471.98
11011,162158.03
16756,142951.78
13366,323668.77
10440,144785.51
13961,132091.59
3015,226940.19
5648,186459.54
11547,334910.64
12886,145480.97
9198,132244.05
12434,274521.23
10605,321972.48
11593,152936.05
866,101910.23
14734,104152.06
5038,195481.34
5702,342755.0
4937,368222.92
11820,245515.3
106,202710.09
7736,240024.74
591,167267.26
11462,172030.9
15858,281839.63
15205,231005.13
7607,219850.47
3457,155791.18
9129,168547.0
4161,185861.32
13565,174645.74
13575,147075.08
7522,310111.72
1419,260166.12
13109,332700.46
11539,239152.25
15627,147614.21
16080,245591.15
8818,160977.14
15655,290427.67
1649,61325.83
7741,173712.25
15168,218805.16
12810,324775.03
16689,181573.77
9976,151059.89
907,182841.3
13986,315894.93
2710,291570.52
12889,199221.68
3214,127645.48
10022,381628.46
15217,148721.28
15719,232327.73
4515,160957.5
16716,133809.2
14523,216564.05
9989,407695.58
13618,102130.51
1158,192380.32
15397,453295.62
11680,179724.32
11329,231965.16
7431,250267.08
4539,173130.54
8543,156331.5
13784,259511.59
1073,282851.61
5334,222417.6
14316,273651.96
8350,204462.54
2838,175691.97
15543,149234.02
11933,336391.33
2932,329619.5
5859,179085.18
8102,172090.0
14265,142580.51
11906,401666.2
11418,197252.1
15990,222414.65
14498,241658.83
2076,81596.91
14742,170966.87
14578,153364.91
16733,138192.79
10126,212521.11
8331,351094.34
12233,168646.52
2695,274042.13
11610,274451.61
6902,155341.65
4109,212376.92
13330,199887.78
3320,179407.55
9,129808.99
16231,135791.47
13771,147826.52
1778,191451.89
11730,202857.16
3543,171096.35
423,260780.21
6957,154519.98
12076,219906.81
4974,206040.39
5546,193759.72
4064,249535.54
7924,283909.61
6776,165377.9
7410,175826.22
8956,169095.52
4709,177565.08
11148,133667.97
14788,127331.65
12876,151100.11
1596,249587.45
16214,360271.28
8752,137674.41
12644,191429.27
4198,99179.32
15592,175331.22
10685,151837.29
14466,308186.33
16434,276033.91
14341,202514.31
12708,164982.72
13262,457275.1
11318,203225.53
2033,192413.36
15857,265704.1
16554,233532.18
10771,281071.26
15708,166131.29
11637,120888.6
2870,223163.26
7582,192034.81
9739,279951.34
9342,281365.55
6338,217438.14
13046,185324.67
12579,133492.05
6342,473447.11
7160,200510.72
1324,179391.96
12991,185776.64
13756,134356.79
6019,178543.71
10078,241295.71
2343,204686.53
16275,226100.56
5696,369873.14
1,286273.79
2248,241199.19
15628,163004.88
682,188100.54
14884,219568.68
11031,231335.24
4001,190520.51
8533,116070.15
15147,166964.31
12747,159182.91
13168,224909.39
12829,204511.11
2675,253506.53
882,150271.81
14577,220692.69
7264,179514.02
13799,207013.6
2219,310461.2
15208,445064.64
9178,178152.88
9876,258476.11
14506,129108.11
1695,173145.48
6661,193873.5
12200,203728.67
7963,224884.63
3209,195032.15
8164,282544.38
7584,319272.49
7873,288560.17
11212,332933.29
13736,207863.05
626,225662.86
6284,264264.14
13728,157647.17
7099,326843.61
1618,321772.74
7201,195561.47
5902,165159.07
15739,284537.28
9546,136459.2
9505,175575.73
7818,342400.63
15324,235771.36
7289,165367.81
4548,232005.81
13058,162871.25
13623,176924.73
2668,191810.27
2799,171122.58
3867,311925.75
8658,141755.98
9543,189947.1
987,393314.81
6209,173272.62
7939,158244.53
16478,337828.19
4258,176764.28
12738,437499.1
11027,125981.58
1741,145616.01
16198,215953.22
15975,271064.42
9224,151882.7
16792,175289.96
11729,226444.99
13121,257974.76
16528,171432.29
15677,337294.6
15433,310077.06
4,199362.65
12408,209804.36
8441,200995.76
1624,219873.86
16449,176978.48
6872,249427.42
12271,172543.53
13396,194351.33
15833,331473.6
1105,310578.71
4106,154669.3
3031,410672.45
4546,161849.83
8258,84832.43
9946,248396.27
8027,244095.32
6337,136723.15
10342,233504.58
1885,223695.34
619,441333.0
3531,170246.27
11357,198155.07
1380,160155.21
5691,185803.78
14780,356562.77
3930,287164.63
3148,433426.47
3830,136608.22
12670,137031.55
14274,309728.07
3438,342971.88
3242,132513.97
5470,272467.43
14237,207006.0
2431,290886.0
1425,148729.77
14227,460486.98
7009,234864.82
16024,197237.4
7330,206414.31
12378,243804.06
10378,341852.16
6926,280897.89
4027,232809.4
7435,189978.1
11299,226046.96
12112,221475.41
4723,282631.15
14224,182946.75
11300,233214.99
16124,194427.49
4988,170520.77
8019,222797.69
4036,151609.69
2075,145249.09
14593,151884.18
4499,227152.85
3685,447844.13
2168,290028.47
8263,163823.14
9242,261295.13
14855,324897.05
2800,412871.27
14715,345585.92
12729,242368.16
14683,261785.82
429,418614.89
723,195648.82
8170,256332.68
2770,146000.07
14395,152454.55
12326,224710.84
221,369510.74
9448,191914.01
1593,230117.33
8962,134694.94
11068,330536.42
7896,187981.86
758,162296.88
9252,200353.43
6077,134459.67
4186,345641.76
8220,297806.39
753,167816.58
13063,231178.28
5728,185153.8
10817,213002.49
7868,526139.84
8580,211907.19
11100,228528.1
1003,141103.3
4779,135124.6
7121,191979.69
3946,211991.7
4426,181841.36
11309,131111.46
11285,296260.86
8222,172626.43
1189,114516.12
16356,200804.5
446,235221.85
8530,265242.38
14289,213538.89
16009,217663.17
9692,263898.14
13489,235872.35
13010,184489.15
6083,101959.12
2707,163434.39
5898,272103.21
12994,210656.18
8796,163392.77
3009,151517.13
7033,243498.67
6615,138198.22
2235,159162.61
5565,190870.23
5869,116943.46
6384,173126.14
1001,197039.14
11540,229012.48
13967,170179.65
4097,168784.68
9993,255851.96
10166,315533.78
15928,387977.87
14584,131487.08
1962,332926.4
10363,173559.73
1097,92334.64
3430,174463.6
1672,205648.73
9195,115451.09
16193,222215.67
9076,297556.84
13030,160949.16
14459,146929.39
8470,181976.07
7810,300539.7
4342,148808.95
8551,189848.31
5555,411255.92
12190,207675.39
8875,170884.03
3179,248108.65
291,220192.19
4549,437009.33
11486,217171.0
9349,282671.59
5305,164508.37
3379,306163.45
12593,471900.06
13712,170199.41
12847,167230.68
3964,195474.62
13981,255472.15
2538,155311.41
14764,142626.99
6147,149405.55
16693,186976.6
9398,190750.11
13554,123709.55
11054,379642.37
9462,153549.95
1528,208202.21
7096,304084.94
8993,178927.52
3738,308585.61
15096,326018.96
97,380638.81
5701,412517.93
12401,206275.22
2113,308673.95
15724,321147.56
15692,175110.49
12791,251527.47
10747,220434.88
1730,152562.35
5010,216981.45
10173,191319.61
6771,179770.03
6524,206581.78
6995,405926.79
14303,178934.62
1274,100344.19
9095,185919.96
15435,139522.22
9363,213054.62
7913,400324.94
14286,231539.56
4759,207992.38
8674,203137.53
12459,279602.06
436,169594.14
13586,197529.07
3231,362546.0
8124,154573.75
1226,248619.71
6887,168009.11
8855,299314.92
1768,155175.86
1630,224199.02
13293,129040.99
5705,192344.47
9067,165252.66
2790,339620.14
15012,126475.5
2411,250458.7
12054,199751.84
15653,146381.47
278,226389.38
1828,181446.82
7031,123816.45
3906,154724.78
13027,143087.78
4505,249298.85
3927,191941.46
12396,192607.43
6394,331418.2
8922,260714.68
11446,195153.3
7546,354708.29
15150,173682.27
2988,253705.54
3077,99695.67
2111,165771.03
10235,189516.61
15784,207332.28
12113,224057.12
5645,219391.88
9326,316914.02
12895,350117.56
11733,350129.18
1201,188569.86
5253,267670.33
16547,228033.83
2378,192980.17
11477,148415.51
1984,213919.72
8806,341881.12
16722,182787.69
7893,217518.15
8821,233940.71
9816,171414.89
5133,250847.82
8377,292115.78
7319,165510.43
2326,225733.43
3492,255794.28
14868,197797.28
13464,211526.35
1137,163895.15
15733,239805.61
12108,229409.01
2564,197960.34
11080,238211.38
9084,167377.78
8744,224576.83
5915,216292.32
14622,188318.04
9818,331725.99
2376,284951.34
16788,163192.02
11363,196450.63
14256,178149.38
3701,157378.74
12627,95299.06
9235,141520.86
6012,189192.94
2189,252847.75
14736,247780.12
5252,88991.47
16708,214513.08
320,261116.86
6943,147663.87
10548,256047.42
11356,347779.17
5855,241930.11
10265,255134.51
3325,157661.28
10243,202416.08
5549,229069.24
1284,165573.67
14510,162413.43
12488,142145.2
12089,463852.67
11715,300899.64
312,98257.05
3700,228372.76
10028,385282.63
12374,297506.64
9624,365850.64
5232,424794.1
13763,218414.63
2774,244084.72
12312,147804.65
3288,311041.86
5404,228999.1
3555,264791.73
3070,208557.29
12879,169830.78
11402,154836.73
9345,175265.34
1045,245190.71
16544,166775.65
5409,199274.48
2787,273701.41
7055,193709.11
2853,244758.73
861,185081.83
5480,259003.1
15178,69824.57
13428,416867.32
7564,444334.81
5974,373309.25
16292,192634.22
11066,228041.66
5265,275736.46
1966,160173.66
1142,133410.22
1721,193599.49
16606,292401.96
7992,218710.87
3304,154182.21
15181,270478.8
14750,244807.25
16207,173566.1
14087,462991.22
3359,204843.63
5926,270998.06
12703,285206.81
15813,138765.12
11697,253760.13
12548,164637.2
13249,528489.89
15248,456647.17
15847,169609.89
3939,217131.76
11961,187643.6
1358,228252.19
4604,163989.33
4357,171817.44
5763,137626.18
11193,211031.46
14327,168160.94
10750,105604.2
306,178396.1
5043,193292.67
1343,127111.81
8981,135974.01
8809,198862.13
13563,392604.92
8617,208656.02
5398,170998.25
12061,212786.51
2246,206066.56
1976,390145.08
1729,204088.03
3980,271611.15
14213,192257.2
13944,222913.55
2321,249296.93
6624,127127.29
7751,171801.9
15418,195587.83
269,221986.9
9075,148806.65
9636,275231.71
13367,303235.88
8808,177390.52
3260,181265.03
13959,153355.0
13741,375966.38
8198,174138.27
5957,155497.81
14778,294681.19
1202,201970.64
2547,210692.0
12749,203448.47
9547,172115.74
12617,170271.4
2606,298603.17
1350,477169.33
822,220783.3
2778,164179.4
4870,160090.75
1985,207273.22
12634,209717.42
7494,181763.21
10397,198756.38
3184,234602.14
875,147851.94
4425,199338.31
6285,226287.71
10272,258505.52
4413,188811.63
10671,418213.55
16477,255994.76
6068,254941.22
3085,316862.04
5694,134492.92
13369,204093.61
7268,397724.23
10542,177523.25
5755,366914.31
5152,89317.83
12310,416452.92
7778,201275.36
12539,262626.38
13140,298414.3
2991,462280.25
6763,227058.55
9780,287871.85
14402,179088.28
12143,177196.73
15306,148721.28
6408,167946.34
14645,260038.26
5708,366746.11
4461,183649.97
2649,234511.79
10758,401193.67
2495,156744.04
12117,263825.71
6946,176922.94
12901,137852.39
15637,203198.31
625,277622.59
3028,175030.15
12041,105431.32
4885,168831.34
7232,139446.09
1897,190628.8
10380,174584.79
13762,114705.57
12954,135741.87
7621,181753.19
5067,200180.42
1851,191501.68
5042,133924.0
5170,318111.38
5454,136244.22
4423,219981.46
9137,306026.8
1200,229621.07
1134,210455.93
2363,334919.92
8946,171547.89
10223,205089.11
834,327505.54
14667,193636.78
15963,216338.43
14232,158940.83
9549,132589.81
16132,165278.63
14712,311527.33
4623,375557.57
4089,297544.79
16054,316512.6
1805,346639.58
1138,451730.84
12929,188732.35
7529,123618.17
15818,213993.67
11222,238220.58
923,232656.38
10708,156486.09
8742,143763.53
648,216627.53
5287,406582.64
16378,254137.53
9837,458103.49
9653,179936.77
6568,321783.08
9930,225746.28
1823,360508.53
3194,250805.12
13453,278882.93
10226,207682.69
10301,200418.02
1186,171696.31
12857,188204.36
4883,191295.46
2854,228486.5
16744,261178.25
6559,215898.58
1986,177208.23
11373,204915.58
10019,204391.37
2322,152155.33
2214,178378.23
8759,177722.9
12228,406944.13
9563,302758.76
7271,329428.84
1161,129880.25
8436,183908.94
390,299948.93
2238,164430.48
15247,436218.42
2728,149282.31
13277,206663.35
6320,250967.64
9152,250502.87
14741,302149.32
179,177604.64
4699,242497.9
6726,174071.58
12516,168110.99
12405,190532.82
14354,243580.03
11036,296031.49
3805,298205.77
12287,316991.86
13915,207634.8
13935,170519.09
4463,361418.05
14057,174607.37
3897,179155.3
13602,94326.27
14652,205239.98
6533,201637.78
5485,212290.19
5037,194701.43
2179,216335.64
4786,193179.73
940,165522.09
13801,131799.42
2311,170514.81
15753,251100.12
7725,188822.92
14405,200141.75
13461,188569.73
14096,195499.02
15634,221569.14
11208,240159.31
8640,277633.4
13666,133347.26
9169,172256.47
5839,135344.78
5936,206527.7
8843,254444.51
10815,264286.35
12717,227858.06
8548,376872.81
8230,179671.47
11321,208296.17
9767,194390.72
497,188095.47
9143,179809.47
16166,392954.75
15231,169633.36
9568,259279.74
13185,140734.17
3594,206713.86
5924,149114.65
2949,205638.22
2762,247335.46
2017,266033.84
11116,240434.25
6626,187579.85
13055,193436.68
7852,181314.19
7930,201076.87
10694,126727.14
5922,290849.66
9209,265929.34
9278,233758.61
1482,237343.92
5671,220664.16
10618,243434.13
7303,173679.8
13702,275004.63
6451,244195.1
1761,180858.51
14567,253331.48
12064,201242.41
8526,249213.03
4270,142930.06
9845,203749.09
15987,244882.9
5923,212378.19
13302,255078.66
16052,207528.68
1613,287987.3
7662,198420.92
1705,182549.64
5845,163698.96
8873,180476.97
2798,92840.23
965,424817.07
1355,189471.76
16596,159227.79
5296,137319.8
14032,134104.57
2451,248572.31
15949,254807.05
4393,388305.27
764,203517.68
5317,196638.23
10610,170475.28
10646,150527.28
7695,184707.65
12743,108690.8
1837,237192.23
10674,173306.0
14979,189941.62
6683,250637.95
6587,184953.91
7266,172926.52
10136,129749.57
1048,187307.6
4677,190440.79
6976,405309.86
8120,198754.59
7461,318721.38
4229,191516.02
15983,158244.33
7147,401625.11
10409,233536.91
4041,200854.34
4431,279321.34
3196,259884.84
9825,250317.28
3284,168778.55
3838,169898.14
9183,168423.01
8100,275058.86
4922,213944.59
10798,122219.76
2873,241141.43
1952,164924.53
6474,130529.73
12695,187768.35
16195,126913.85
237,176413.43
13952,197923.97
11350,217692.53
946,189646.15
5985,172922.03
16427,182847.39
13937,190166.32
876,161359.3
14371,177564.58
5527,227843.72
9220,139091.55
11726,157326.27
2966,265756.48
12725,167533.37
12457,178363.25
16515,146587.88
10969,139737.7
12647,271730.4
3926,298970.2
4302,183294.2
2508,218656.93
8718,190819.7
7678,231917.36
12912,297408.37
5935,186344.61
4634,169489.62
6208,212409.05
7833,160858.36
6449,162911.37
10692,187540.87
2676,192498.24
6723,183572.44
16727,221971.03
5356,193543.12
13386,198087.98
7813,215276.25
16321,159745.89
5500,185690.15
1917,373309.89
11065,196382.03
2809,187448.33
4220,314690.4
16412,176123.33
14670,231053.5
12787,180374.82
3843,228179.09
5953,353034.19
16182,327039.05
1406,280755.03
16382,133687.36
11650,240112.94
721,190446.96
11045,255746.38
14478,183713.41
9214,258377.31
8615,182358.77
8334,228267.09
3389,304786.1
2681,114739.53
2373,269434.92
6031,192518.16
2452,190304.61
14305,234590.45
9484,192759.53
862,187745.23
3422,351941.56
304,267196.37
7697,478678.29
16394,116518.89
2882,250138.7
5600,213082.71
13649,249699.84
3440,215946.38
12920,95077.08
13733,174132.13
3106,230054.11
5959,227243.19
7748,220895.98
6345,143575.46
14551,160705.92
9496,319311.06
7180,417148.68
7883,204660.65
5875,149924.16
5126,356113.04
15605,204246.46
7306,170593.03
10020,169804.05
8909,447440.06
6719,186267.75
5243,181638.86
8971,183883.69
10062,254056.89
11962,239124.72
13462,239019.42
8986,138398.1
7320,246847.65
15855,357411.7
9415,167930.89
11908,202218.07
16582,222498.42
5573,300198.55
6704,175812.25
12499,236442.82
7110,145198.08
13600,382333.36
772,288210.05
5155,174140.89
14191,239574.38
3734,349330.06
2860,175838.92
13680,119724.46
9879,253990.68
5333,179672.26
5208,149331.43
188,187348.22
11440,158089.78
1165,99130.3
15559,188377.77
12706,206150.77
27,161944.64
4611,237119.43
12937,174090.67
16276,341112.76
6153,103942.46
12058,150694.76
14982,225549.76
15195,266321.68
778,208156.7
10769,137817.82
3268,216641.93
1286,183683.93
5450,328285.35
1221,233826.95
9940,198954.54
13325,237155.22
12270,255615.0
8822,190829.85
10897,198371.82
9330,266857.97
11984,211520.03
15056,262972.03
14954,271055.65
14905,216561.51
5219,246352.6
6613,249163.82
9139,135489.08
11456,195085.75
16626,251133.82
11247,170767.13
9972,238263.86
2631,157337.12
6526,108680.76
192,230051.36
14160,164738.56
7623,349559.95
5468,189833.95
11331,213659.49
3308,159426.75
16154,174034.26
7526,262007.45
10174,172184.12
786,322591.1
3956,414928.62
11499,193052.72
2105,213454.79
16065,218445.41
5999,98475.42
1060,277048.23
4805,363291.32
14876,207720.76
1411,168251.4
6989,185850.32
9869,309176.31
1272,251134.7
13306,211117.87
4853,283223.39
210,227176.6
4466,207264.4
2954,315928.27
11110,168061.86
6576,236846.99
10424,275864.08
14269,135954.16
7491,227414.27
2158,158485.56
7386,192995.33
10555,328962.14
13,204684.56
10184,116174.56
15576,132921.78
10698,232626.98
5375,271319.07
9089,220945.05
6126,254548.33
6973,156529.07
15437,224316.93
5000,287694.83
3690,212326.39
14190,163473.26
14930,210004.07
13468,158516.42
4658,280984.46
9111,416034.26
14766,133294.88
10291,155969.86
7295,210248.68
7394,332612.09
3936,275967.68
7127,450894.31
11822,263333.34
908,242326.03
3669,488352.17
15641,317789.76
7585,360894.13
2569,132387.37
976,152305.68
16111,153483.03
10258,147568.05
13075,330970.34
13059,224594.33
5893,189425.36
2308,257931.23
6724,184938.87
9533,177059.81
2122,135974.01
3047,186339.74
8558,180869.0
6977,471009.8
9526,181896.7
12127,219391.25
385,305210.67
13382,320433.69
4135,193480.62
10162,186380.88
6932,149673.9
13321,196057.34
3925,167202.0
14794,149424.82
15151,397943.51
7125,157901.26
12017,155475.29
12288,271062.92
5618,141730.04
14018,156329.26
16465,217267.3
5268,103104.44
14685,132757.97
6477,162941.17
6618,371863.48
12521,184437.69
14749,288707.93
783,138172.82
14120,173389.58
6367,307365.92
9493,170764.62
6941,103341.33
178,296217.38
15073,149021.57
14594,232179.64
8622,90772.68
3740,300496.09
3065,177755.03
11752,169572.03
9928,131751.16
329,248382.88
15064,158992.71
9887,229618.56
3263,193514.01
3493,149229.64
5424,220724.86
2560,196329.22
7914,344421.47
9969,166699.56
6223,177685.73
3043,272952.02
3147,147926.18
9366,193432.33
9907,153827.79
10532,326351.85
14417,167899.32
12526,188963.5
11504,124917.18
15999,242274.31
11879,323127.13
7373,242072.67
5654,338093.87
3495,201809.63
7307,143638.48
15417,191409.31
6505,171887.21
7213,178078.23
5107,302465.56
3481,190639.02
11968,385604.06
16723,185934.58
14963,229452.0
2314,130019.29
13224,204263.03
7759,136321.04
13954,272582.55
15957,371727.87
9322,252809.19
171,218887.75
6464,349180.95
12195,179085.64
3008,274619.23
11533,195022.74
8792,285770.26
13966,321592.27
3677,178902.4
10647,250201.61
10974,209977.3
11973,145109.59
12958,188013.42
9952,200043.2
15190,323868.57
560,289641.08
11684,351229.51
3366,121887.15
2163,262571.13
2229,179327.07
16643,409666.89
6554,173179.65
15889,202493.73
13411,234301.65
3818,269271.53
914,187691.69
15357,169233.82
264,259439.78
12055,276317.39
12506,328957.53
9986,183112.15
7200,367324.96
15970,160289.51
7485,194534.35
362,138139.43
2493,175644.27
7424,149459.89
7746,211944.22
62,181600.2
12124,377994.37
343,216676.08
2421,286152.88
16110,182313.23
13689,195209.84
10035,306066.92
15361,183652.41
10373,129549.48
16688,134569.26
9368,193774.18
3416,205211.92
10663,188336.58
5286,203584.0
12622,198512.83
889,266835.63
7471,174457.62
10154,178696.42
14789,153702.51
14818,257160.97
526,225765.67
11780,178332.87
7740,241865.6
9329,186620.4
7255,225172.7
16718,150285.02
14413,174126.8
8950,241105.72
7254,344907.76
5881,168951.28
16737,191330.55
9151,391537.7
9324,272436.36
578,223226.51
458,154756.13
2261,477642.63
4532,164164.6
10505,177737.87
12168,216027.33
5381,163478.65
8190,185947.56
7661,464727.03
2578,315164.26
4780,220390.81
1538,296801.1
14064,194509.06
9515,178983.8
1254,147005.49
2151,191538.09
3024,162054.33
9799,179963.34
10455,140862.39
13116,151898.29
2575,366286.48
7991,204194.17
11147,265621.36
12618,266090.09
11524,206526.8
12350,118119.71
9009,137056.09
1746,203923.9
2773,287210.1
12679,347531.59
5777,168536.64
9991,219626.37
5473,293672.04
2094,189990.23
12482,259945.34
9693,131907.29
6699,125938.96
4603,207680.71
4205,240549.01
2764,242629.95
1542,272470.4
11336,80450.03
13791,178103.29
14462,177059.89
7739,304142.38
14496,220923.55
5868,231485.85
2789,302051.42
4862,192298.78
319,180734.03
3172,183254.57
5674,186869.58
5048,255416.16
1245,366242.54
5906,188622.16
9108,189823.77
7788,202156.08
3315,257504.13
7165,239618.5
15612,196595.34
7693,78683.24
10795,172456.5
5659,202589.36
12551,344768.34
3459,276043.94
14301,213316.24
1645,137978.43
5529,503278.14
1297,198778.03
12463,227970.59
7141,133006.86
6334,160243.3
4221,349555.23
12383,247028.46
15622,155362.97
9199,145384.27
4897,183305.73
14203,139276.49
5349,135251.26
2531,159336.59
14935,158388.36
941,218635.49
11298,176832.07
15545,218774.12
7413,96341.45
6507,182171.82
5308,179165.9
7724,176933.72
14089,160653.46
5090,153714.69
15314,143024.42
15668,207274.16
14202,158806.02
16390,247859.44
1501,295914.07
16098,209497.92
4533,460122.81
11010,169325.77
8129,201790.03
3733,215356.7
7191,192844.82
5669,198250.35
10727,200699.15
2023,152335.19
6766,243594.97
1995,230714.72
6935,336634.23
4584,167441.94
9901,256239.88
16374,299008.64
9028,224605.96
7013,248095.09
3014,193315.35
7965,249554.65
653,130684.01
12103,182480.33
14000,332719.49
16101,258690.68
8147,216053.19
14304,189168.23
7371,167618.42
2779,168693.98
1781,222371.93
8516,137089.62
5298,185078.76
7948,195387.93
5177,163913.15
863,324014.97
8318,185996.99
15712,198609.32
8010,224123.84
7351,150709.3
7654,218969.44
1860,197348.9
16734,247776.15
2848,179536.42
4216,193810.19
12398,276903.19
8982,538830.45
13414,193548.7
3120,423016.1
6071,187433.25
7743,216748.43
1346,237611.57
11643,145944.19
4301,257732.39
16745,171494.46
8726,411922.8
13819,155064.35
744,183664.21
12094,259855.28
14004,202646.68
10891,298481.64
6736,206262.58
10613,305322.56
76,346883.74
1261,182587.11
6033,309431.44
16482,273881.1
3480,227920.73
4007,321160.66
6937,425255.12
6178,184399.28
14633,153554.02
9382,389142.0
11971,353043.08
14461,193074.72
2509,195246.44
10714,327575.33
14363,211732.73
4244,165675.34
227,197415.03
4498,270182.39
9453,157268.87
14134,186804.1
13920,270072.57
15077,315009.75
6680,126690.82
1899,540048.47
516,164859.24
3213,243238.08
8944,192532.56
3726,253300.33
6380,276816.77
12849,222079.65
12751,154298.52
3139,329353.07
13621,197451.78
7115,347888.69
4830,166029.27
10785,409874.4
4248,308379.48
2161,253339.32
10707,203540.46
13314,204312.9
3658,177566.57
1738,245261.21
11744,291708.46
7407,195626.51
5169,105284.58
3821,153211.52
5805,244351.86
1573,161958.71
12131,342833.17
15806,275224.9
11672,283782.13
3892,208280.93
11727,242607.79
16319,225278.15
5055,161221.42
14296,204170.65
10905,195920.02
2590,214360.42
4475,214310.49
3313,225709.03
2464,371852.8
12184,203895.52
14886,149653.92
1385,145350.06
15561,146039.87
9884,129746.62
9895,222678.85
16307,205576.73
2978,225689.81
6553,455891.44
3951,277825.0
1555,270109.29
8502,90236.02
15095,229079.84
7372,202573.67
4385,341240.02
4362,201309.51
13831,170622.31
6489,298331.17
3098,156919.23
6268,143375.92
11688,274915.59
12426,176614.89
13894,182587.76
7239,137782.63
425,330966.14
3425,115437.6
781,198126.28
6206,397751.71
6543,187678.01
13646,272985.4
1686,300824.19
10664,169295.0
13420,129541.21
14300,158897.08
10604,243747.46
64,226552.21
2786,195347.89
5622,206887.23
10123,301009.42
4096,219619.46
3502,209719.75
1758,144175.1
3570,112083.43
7227,208971.76
13451,155115.29
13668,267382.58
9599,228790.25
5260,474345.09
10087,206575.84
6075,277738.61
15227,477935.63
7864,242448.33
15836,126895.8
16267,182695.55
15771,280190.38
7644,292671.26
6026,179049.64
14857,231125.84
12003,222129.39
3770,128815.51
14196,467684.1
7468,202104.13
12165,310579.34
14233,132469.05
9126,181395.57
7229,196303.61
3384,285211.01
6401,252170.68
10877,264448.67
6045,186008.32
10901,230639.47
8999,263899.28
16355,231089.52
5110,397131.91
1474,155353.49
15023,277462.44
82,180879.78
321,237926.5
8236,433974.5
123,255171.33
7210,113697.37
8979,237651.16
9702,197768.86
9258,223464.86
1402,180416.61
15587,215179.06
14438,245651.26
9133,208575.65
9672,208032.19
9313,155427.65
1353,216253.33
514,222494.06
364,171221.59
1895,353149.24
206,347411.37
15290,229766.65
13504,187969.58
14673,168745.73
15642,300298.41
10729,218930.54
5837,467052.07
395,163007.61
3679,210853.69
7673,207770.46
7785,260358.63
10264,104537.67
7962,167547.68
11683,232802.23
15650,213332.19
4247,195058.2
14721,260302.02
11717,233982.19
5593,370465.37
7855,153069.79
5196,188212.93
4245,151953.87
11424,207668.75
15203,189380.6
14149,187022.85
1352,225503.45
16135,225342.39
7054,162821.06
2044,312413.75
1503,196498.87
14094,184582.57
12235,172714.95
8189,467071.35
16588,276370.73
9957,136719.29
9457,175821.9
3199,194571.69
10789,185854.82
5262,223882.67
6854,191131.36
969,190113.98
16613,168277.97
12748,240532.14
13926,253313.33
7390,354599.88
14971,172074.45
13103,317477.49
3616,149008.56
5860,148129.29
4162,175152.36
12144,194661.06
8544,497875.61
3238,182436.4
3341,154548.95
12864,251782.73
9101,169224.82
11325,214650.29
3180,197343.73
1965,331696.01
1893,401468.02
12668,243675.26
15030,106313.01
13404,104041.58
807,123861.67
8515,292316.69
4695,126012.99
4761,194371.88
12203,160234.96
5347,178980.2
13399,379269.71
13858,167383.11
12505,225963.81
2442,311873.52
15245,289384.16
9898,116394.14
11651,174420.03
6259,151166.54
10520,393238.99
13599,148312.68
9694,218649.03
12220,322904.71
1529,162202.56
14853,199438.58
16750,190625.74
3630,132788.53
15943,225227.63
13828,318034.05
15618,171197.18
6130,184742.26
14219,163295.93
4276,227972.65
12798,161941.3
14215,428982.78
6290,257879.98
16625,172456.14
4067,254566.93
3552,190512.55
3804,203133.35
8465,230733.09
4395,193378.2
5682,286243.86
14241,218177.28
7489,141213.48
12468,206435.51
15608,185025.15
16783,374068.24
11500,505218.87
9154,194085.49
12474,176812.24
6620,250984.35
2334,313179.61
11545,148021.98
2981,201536.36
932,154118.87
3466,110201.57
16367,177139.43
7737,235011.73
9122,139592.58
13015,186759.34
950,232582.09
14806,200842.9
7354,180350.86
13706,198771.87
13993,356111.21
10577,129226.04
4592,212242.11
10295,122847.81
16432,244960.02
6453,153995.23
621,335378.22
7114,351157.77
6310,201380.87
12769,168702.2
12078,250705.52
10073,170357.38
11732,132899.81
3146,243430.68
15028,179418.32
6718,168212.12
6256,215508.69
14217,224267.66
506,187809.37
5013,220784.94
5302,148493.62
15453,137062.25
14535,235850.54
8160,244174.17
4075,190320.24
701,240177.78
5807,195672.17
8469,272907.62
419,218184.19
2524,292556.24
1633,123041.93
2729,244549.81
11838,188523.81
6052,150594.93
1248,344230.31
6677,191751.74
1347,261985.99
8673,133289.66
7848,180135.68
2024,258973.54
8410,180349.09
11855,316837.33
16426,174847.16
1129,358110.94
10596,177397.67
12640,189335.57
1415,93303.13
3250,228483.43
11081,163833.98
2767,197687.34
2638,157545.02
5377,187165.09
5436,204600.75
10215,155004.69
2662,142346.75
6476,207513.79
618,156103.74
11895,208719.73
2292,149628.1
30,172527.81
1988,190648.78
13093,251265.91
3786,90282.77
7481,275811.7
11379,341780.02
3352,305217.42
2828,260164.12
10888,311937.34
1119,242376.09
4848,268263.8
8265,117439.43
4774,160640.27
16659,238211.38
845,297145.06
8002,286779.28
4583,284612.58
7640,216552.49
2132,383303.88
15218,188819.34
3265,219277.55
10552,272360.65
11551,217215.32
6955,131869.18
1802,165405.04
3258,200946.01
3929,137872.39
16647,141009.15
15419,151881.03
375,229986.61
9666,444433.83
8920,198999.18
398,260017.33
9583,123380.42
12655,262451.16
9282,197560.61
5057,422237.92
3279,286581.71
7187,105343.25
2428,70426.5
13916,355710.08
6406,200282.37
4224,126144.69
9906,283197.94
11094,175541.33
15896,145952.8
1397,341834.34
16704,463526.64
1816,185456.64
16043,186935.06
10670,188095.89
15967,262967.38
8740,305039.87
4110,197024.97
6402,250749.45
7551,161104.99
510,246639.97
15664,358815.52
4148,185228.74
4023,287099.42
8560,272367.03
3715,187858.61
4902,233847.9
6461,177665.25
8651,137889.06
9172,297040.09
14080,176993.94
594,182398.71
8159,396968.77
12700,222364.38
3932,162463.61
5651,173004.59
12525,193512.11
9621,110943.6
2166,170378.54
11319,169698.06
16032,241587.57
12185,254172.2
13974,228280.39
9683,305313.88
13655,285430.7
5140,141617.4
16325,255339.06
7261,235698.8
3434,169209.15
4444,261289.69
1804,107349.74
3160,153648.2
14609,116713.77
6675,253291.64
13984,432003.74
9372,181616.37
10929,214885.1
16208,337096.94
10133,144400.76
841,146203.24
7885,231814.88
1331,159671.05
7615,251256.77
11503,188698.39
11509,134990.58
5581,114715.97
14579,202518.91
8994,252129.93
10333,163759.23
10948,213859.6
10014,125193.46
4010,345885.13
5393,128808.28
9318,183222.37
5635,58970.07
13478,150490.89
13573,191525.58
6218,157964.14
5916,173026.3
16486,305374.33
5615,193067.19
14483,178039.35
11307,179112.16
11333,171051.69
7762,205497.25
13139,239443.13
14538,179910.93
14761,277822.11
13442,257733.47
835,171905.48
15275,231620.71
13908,159965.08
15237,207348.75
15616,218981.23
12420,179637.7
5165,201635.13
5091,237826.43
14626,165004.64
16485,129609.22
12564,423778.71
11169,190455.35
14017,146364.37
4445,270148.55
7735,150072.55
10654,306742.65
10365,183594.59
105,307998.98
10878,290314.33
14639,252208.85
2756,178516.35
4364,157770.89
16551,192382.4
54,275260.6
10982,294960.14
9314,213961.52
7847,196991.86
8081,355020.84
1585,257051.98
10441,161706.54
16123,326267.03
694,242900.69
3823,254525.64
6967,268299.78
273,191585.96
15406,276829.99
16472,136166.74
4562,148539.32
10267,384318.73
547,182205.6
1166,282521.03
11390,120763.21
8021,166964.11
6179,86100.21
13134,373308.54
1407,175161.06
2691,200660.22
4572,163790.37
15049,170623.99
12669,170882.15
15271,301047.25
4535,214074.09
12720,180662.22
11689,150071.41
11452,96231.62
8905,244342.58
3650,219173.25
4728,320440.07
3316,189320.97
1241,187988.35
111,166707.0
16105,315941.35
3472,171459.07
13409,397233.79
10624,469151.31
2940,311564.12
11371,138167.71
15110,161319.52
13589,295639.26
197,99351.4
8415,298956.89
5403,442392.5
10350,242123.45
13240,347317.9
4485,177564.28
14006,194610.28
11324,214886.97
13713,221374.22
12346,239900.47
5312,134711.12
8968,154997.76
8954,282382.4
2974,184588.45
4600,257753.79
4306,373837.46
12081,260352.06
6909,195289.46
7064,327880.07
8180,250625.18
3969,118810.3
13475,122629.45
3882,452309.08
1024,211985.44
4200,230335.76
14852,207851.99
11570,246965.47
7902,167984.46
997,232300.7
10286,116866.29
5195,199772.16
9476,173832.91
988,262987.7
13581,214090.25
5240,222418.22
10907,247714.13
8878,249367.22
15228,285173.49
10523,181114.09
7927,458433.73
4867,232169.37
6325,101482.63
4625,169425.81
11253,354737.71
9922,177385.85
3725,116579.77
13826,347347.71
10612,232048.79
9196,254635.25
10859,181268.3
16397,149867.81
3509,502178.42
11334,384518.48
2858,258861.99
2924,244736.99
6924,187532.91
8305,188566.79
12598,236821.56
16240,213740.48
16357,85521.39
3645,195979.04
10667,291166.48
8754,276171.02
3423,214333.15
16143,218167.26
13473,325672.84
3540,374926.81
10448,349149.66
8295,197063.21
2610,188872.61
12916,106174.97
7946,260021.84
164,121718.12
12230,173194.29
5006,196622.33
6322,174056.19
4273,300041.69
14770,172544.05
651,180320.47
6816,227589.76
8048,162485.71
8910,206280.12
8984,548480.56
7782,128892.07
7950,313367.12
4215,185606.83
10077,228187.66
195,211650.24
11932,266760.04
8047,178495.59
1489,189157.38
11019,161858.96
8155,251428.45
11444,152400.57
6607,157007.28
15929,241254.01
15721,211890.33
6273,193972.97
3418,266462.13
9311,151080.15
11280,156913.95
6427,184392.39
12249,146498.42
14632,225894.86
13567,139288.81
2604,179543.51
13845,137259.01
12898,151035.15
3640,172176.37
11143,213447.13
6463,176148.62
5604,237095.21
6511,148188.28
6825,279420.03
6754,209877.76
2612,187825.79
281,256617.42
8186,231941.2
13786,182198.22
5040,388689.0
5856,191402.19
7853,166994.29
792,171163.96
8487,229421.12
15017,182495.23
1151,157104.66
6443,258123.29
7938,244789.32
2423,136912.59
6716,168651.08
7169,141882.25
9060,267369.99
7537,153558.37
160,166450.98
6954,167402.1
9501,452953.19
6811,324076.38
6174,125333.47
7134,197097.94
1110,129467.42
11845,138767.21
3536,185267.22
15856,244924.6
14071,178799.13
9316,262186.0
14916,168294.85
15912,290620.72
15115,208417.42
4871,224070.37
2106,218065.55
1685,133098.54
14180,214109.09
15431,167783.24
12365,209060.58
980,197426.31
3847,265747.59
8151,236541.18
190,188075.95
12116,396165.63
11295,301839.49
7989,170600.58
3156,348048.61
2990,136411.99
2262,294133.39
16435,221334.57
2427,187812.29
9438,172888.91
13252,192727.75
208,189661.1
11946,138955.88
4720,165770.08
13250,200120.54
10749,161895.95
12945,211850.12
3586,133948.66
13827,82076.66
13095,147756.43
11491,326949.44
12042,235904.2
9234,202850.16
3270,207476.01
8058,214173.75
15371,401509.91
856,207071.0
4929,142754.26
14199,130724.44
9835,163353.7
4816,312725.5
16422,203420.72
16617,232594.21
6113,230675.64
12320,272999.65
3346,146657.13
9485,261772.24
14335,296670.93
1990,229469.86
9667,196825.46
3637,193690.32
13094,178044.25
13691,104725.39
230,248387.33
6658,123566.49
4375,345881.46
16730,242402.65
11770,173897.31
10823,135830.39
8352,148068.88
15149,224152.45
11124,338353.03
7338,132064.9
15862,316885.77
14101,201302.11
1972,405925.19
12053,144630.19
12513,184721.39
4669,215429.13
3913,207749.39
12529,198343.57
3648,167128.39
4408,156700.25
9167,228234.61
3894,122903.04
8412,184035.75
8451,209375.23
4612,222049.48
15765,140054.97
5787,158019.7
13074,148400.72
10643,197726.39
4019,232416.93
14307,248599.26
12432,186800.69
14013,222363.54
14382,248102.91
15220,154804.78
11958,411602.73
11430,213925.35
9782,180491.99
7603,189401.96
7240,239260.24
5319,125619.28
3598,465042.95
15090,243998.32
8152,164881.61
11797,154424.13
15567,231612.15
3520,202069.33
13945,223842.38
2114,316337.89
3967,251735.91
6765,156258.06
11453,257029.84
13837,165792.47
1257,231130.71
8911,206785.5
2291,365490.36
3691,179024.64
15748,439221.3
13305,284821.37
16283,194714.92
16248,330328.56
11877,201077.97
2444,169785.32
641,187046.24
7344,189136.73
51,245213.67
6187,397150.15
11475,148754.44
13374,286620.04
8498,189512.08
10255,224885.0
12314,233525.59
11525,222584.79
14595,232903.63
11787,163581.26
8321,279667.86
14869,168489.91
10637,293927.63
2184,176833.78
16789,198177.62
10808,202425.35
615,195189.09
6096,220339.36
10966,181774.52
11291,174188.96
1338,157129.38
16217,355729.08
14540,205729.27
15581,156985.58
8689,331337.85
4538,204682.31
6877,129669.29
326,180858.33
2088,101172.3
9136,165996.91
7197,207956.45
12504,230692.78
9236,190027.57
9386,281705.18
6853,169208.92
1006,182998.5
6669,304873.35
7769,486249.07
10623,185488.38
8975,150033.53
998,249402.06
10281,189071.43
15565,133339.19
16072,295996.49
9851,171144.47
8841,94967.72
15206,149907.75
16677,184879.26
1957,177014.7
917,354379.52
16152,224573.51
4651,291688.98
9602,302649.17
1028,311532.74
2267,210770.79
16525,90760.52
4872,276912.64
6246,225428.14
5801,179855.24
3873,186523.29
971,198833.97
11640,153659.51
16531,260544.16
417,153443.68
9932,174562.5
5692,372016.61
11152,280169.66
2725,234931.04
4016,248953.91
3834,403218.82
1681,176188.87
9331,224559.37
14015,217590.02
14548,237687.02
7514,261073.69
11384,232455.3
16230,233223.44
13079,198835.52
7107,168334.3
15180,326919.49
8948,170497.61
1622,159833.44
14671,438386.85
15984,289288.01
8546,173893.56
7581,250429.69
13303,533269.66
16256,443818.82
14544,198274.18
11498,169807.98
6287,188434.35
8578,220054.57
4896,203189.5
15795,168127.45
8267,137442.52
6445,303359.31
1829,150874.06
1907,97247.03
7021,187031.29
7460,301109.18
16611,158264.88
9033,137365.41
3344,182051.81
13751,205205.42
9665,159540.95
14298,115354.7
10375,153344.77
14986,218823.11
6904,177594.26
6456,231696.3
8227,202068.31
3523,358517.09
13842,118046.69
13900,256589.14
6274,133602.05
6011,337845.88
990,151018.33
11589,254446.14
15016,177856.3
13281,211008.49
16301,207953.71
6175,231474.62
9820,129515.56
12024,198011.39
2535,180712.69
14486,278410.9
9973,161049.1
153,255097.03
16215,172298.31
102,168163.58
9888,401477.43
4285,244520.24
4330,138158.76
10156,337449.79
10601,154060.17
11519,457214.78
113,181814.33
11705,172523.99
8167,193641.79
4047,331164.09
2443,158212.16
9232,262343.91
12615,184506.04
11742,242543.02
947,307572.24
15412,104603.45
13365,385299.43
7432,146821.71
52,306999.32
3177,173350.11
16228,453987.72
9416,186950.0
4429,199422.78
6330,268207.89
6866,180006.66
13494,252667.7
7819,175002.38
5873,232060.38
4963,234786.27
11573,186374.11
10150,318834.11
14793,134794.96
12873,173143.33
15243,263424.16
4821,302116.06
11709,285064.89
9596,166299.2
8197,152970.53
9519,193283.86
5796,215393.45
2812,407696.59
10616,230677.44
3382,218910.94
11890,186383.44
13069,186348.56
10158,205549.83
8252,210762.3
8834,183540.01
14676,137177.94
13060,266164.86
10379,192611.3
16138,481475.5
3912,148538.48
5722,220734.86
11004,330271.73
